Regions,Sub_Region,Girls 5+ A*-C grades including maths and english (%),Boys 5+ A*-C grades  including maths and english (%),Percentage of schools below the floor standard
North East,County Durham,68.6,57.7,6.1
North East,Darlington,70.1,59.8,0
North East,Gateshead,66.7,56.9,11.1
North East,Hartlepool,64.4,53.4,0
North East,Middlesbrough,52.7,47.9,16.7
North East,Newcastle upon Tyne,62.1,52.8,9.1
North East,North Tyneside,68.5,61.4,0
North East,Northumberland,60.7,49.8,26.7
North East,Redcar and Cleveland,59,51.3,9.1
North East,South Tyneside,64.7,54,11.1
North East,Stockton-on-Tees,61,54.1,10
North East,Sunderland,65,55.2,11.1
North East,North East,63.6,54.5,9.3
North West,Blackburn with Darwen,66.7,52.5,0
North West,Blackpool,50.8,41.3,16.7
North West,Bolton,67.9,53.9,5.9
North West,Bury,67.2,57.5,0
North West,Cheshire East,69,56.1,0
North West,Cheshire West and Chester,67.9,58.5,5.3
North West,Cumbria,63.7,49.6,8.1
North West,Halton,69.6,55.4,0
North West,Knowsley,47.8,39.6,20
North West,Lancashire,67.2,55.6,7.3
North West,Liverpool,59.7,52.2,13.8
North West,Manchester,57.7,48.7,12.5
North West,Oldham,64.5,50.2,0
North West,Rochdale,59.6,52.7,0
North West,Salford,59.3,50.5,13.3
North West,Sefton,64.7,57.3,10.5
North West,St. Helens,62.1,49.1,0
North West,Stockport,71.6,60.3,0
North West,Tameside,64.1,54.6,6.7
North West,Trafford,77.5,64.3,11.1
North West,Warrington,71.5,60.2,0
North West,Wigan,69.5,58,0
North West,Wirral,72.1,60.5,4.5
North West,North West,64.9,53.9,5.9
Yorkshire and The Humber,Barnsley,55.6,45.1,33.3
Yorkshire and The Humber,Bradford,56.6,49.4,3.7
Yorkshire and The Humber,Calderdale,70.8,60.9,0
Yorkshire and The Humber,Doncaster,61.7,51.5,0
Yorkshire and The Humber,East Riding of Yorkshire,67.2,55,0
Yorkshire and The Humber,"Kingston upon Hull, City of",52.6,47.6,25
Yorkshire and The Humber,Kirklees,67,58.6,0
Yorkshire and The Humber,Leeds,62.5,52.4,11.1
Yorkshire and The Humber,North East Lincolnshire,62.8,53.9,11.1
Yorkshire and The Humber,North Lincolnshire,64.7,49,9.1
Yorkshire and The Humber,North Yorkshire,71.7,59.3,4.9
Yorkshire and The Humber,Rotherham,68.9,58.8,6.3
Yorkshire and The Humber,Sheffield,62.9,51.8,8.3
Yorkshire and The Humber,Wakefield,70.4,62.4,0
Yorkshire and The Humber,York,71.7,63.4,10
Yorkshire and The Humber,Yorkshire and The Humber,64.5,54.6,8.2
East Midlands,Derby,62,49.2,8.3
East Midlands,Derbyshire,65.7,52.7,4.4
East Midlands,Leicester,59.6,50.4,16.7
East Midlands,Leicestershire,63.9,55.3,0
East Midlands,Lincolnshire,68.1,55.7,13.2
East Midlands,Northamptonshire,63,53.3,0
East Midlands,Nottingham,55.9,45.1,28.6
East Midlands,Nottinghamshire,69.4,57.4,4.9
East Midlands,Rutland,77.1,58.4,0
East Midlands,East Midlands,65,53.1,8.5
West Midlands,Birmingham,64.8,55,5.6
West Midlands,Coventry,60.9,51.8,10.5
West Midlands,Dudley,64.3,55.6,0
West Midlands,"Herefordshire, County of",62.5,50.1,6.7
West Midlands,Sandwell,60.3,48.9,0
West Midlands,Shropshire,66.2,54.7,5
West Midlands,Solihull,71.2,63.3,0
West Midlands,Staffordshire,65.9,54,3.6
West Midlands,Stoke-on-Trent,55.5,44.8,15.4
West Midlands,Telford and Wrekin,62.3,55,14.3
West Midlands,Walsall,64.5,53.2,15.8
West Midlands,Warwickshire,69.2,61.4,0
West Midlands,Wolverhampton,66.4,55.3,5.9
West Midlands,Worcestershire,68.5,57.8,0
West Midlands,West Midlands,64.5,54.4,5.9
Eastern,Bedford,65.7,54.2,14.3
Eastern,Cambridgeshire,66.4,55.8,7.4
Eastern,Central Bedfordshire,64,52.1,0
Eastern,Essex,65.8,55.4,5.7
Eastern,Hertfordshire,71.7,61.1,1.4
Eastern,Luton,64.4,53.2,7.7
Eastern,Norfolk,59.4,49.5,10.9
Eastern,Peterborough,61.8,50.5,0
Eastern,Southend-on-Sea,66.1,58.1,25
Eastern,Suffolk,59.7,49.7,8.8
Eastern,Thurrock,62.6,56,0
Eastern,Eastern,64.3,54.1,7.4
London,Inner London,66.8,59.3,1.4
London,Outer London,70.1,61.9,1.1
London,London,68.5,60.6,1.3
South East,Bracknell Forest4,68.1,58.6,0
South East,Brighton and Hove,65.4,59,0
South East,Buckinghamshire,75.6,67.3,5.9
South East,East Sussex,64.6,55.4,0
South East,Hampshire,65.1,55.1,8.8
South East,Isle of Wight,55.9,42.4,0
South East,Kent,67.7,58.5,6.3
South East,Medway,64.8,57,5.9
South East,Milton Keynes,65.3,57.3,0
South East,Oxfordshire,65.2,56.1,0
South East,Portsmouth,55.6,39.7,22.2
South East,Reading,67.2,60.1,0
South East,Slough,74.9,67.9,0
South East,Southampton,63.3,52.7,9.1
South East,Surrey,71.9,63.3,0
South East,West Berkshire,66.1,56.6,0
South East,West Sussex,66.4,53.6,2.8
South East,Windsor and Maidenhead,71.5,65.1,0
South East,Wokingham,78.5,63.2,0
South East,South East,67,57.3,3.2
South West,Bath and North East Somerset,68.7,58.1,8.3
South West,Bournemouth,68.2,58,0
South West,"Bristol, City of",59,45.5,10.5
South West,Cornwall,65.1,54.3,0
South West,Devon,67.5,52.6,0
South West,Dorset,65,53.1,0
South West,Gloucestershire,66.5,57.2,5.4
South West,Isles of Scilly,72.7,90,0
South West,North Somerset,63,54.6,0
South West,Plymouth,66.1,55.3,6.3
South West,Poole,65.8,58.6,16.7
South West,Somerset,63.3,53,7.1
South West,South Gloucestershire,60.5,53.3,0
South West,Swindon,62.8,50.5,9.1
South West,Torbay,66.2,55.9,14.3
South West,Wiltshire,68.3,53.6,3.6
South West,South West,65.5,56.5,5.1
Scotland,Scotland,67.5,54.2,2.7
Wales,Wales,69.2,53.6,3.4
