Country_code,Country,Region,Region_Code,New_LA_code,Old_LA_code,LA_name,School_Phase,NC_Year_Admission,Admission_Numbers,Applications_received,Online_Applications,Online_Apps_Percent,No_of_preferences,First_preference_offers,Second_preference_offers,Third_preference_offers,One_of_the_three_preference_offers,Preferred_school_offer,Non_Preferred_Offer,No_Offer,Schools_in_LA_offer,Schools_in_another_LA_offer,Offers_To_NonApplicants,
E92000001,England,,,,1,,Secondary,,607928,533314,459937,86.2,,449308,42920,14362,506590,514215,16968,2131,488456,45221,2494,
E92000001,England,NORTH EAST,E12000001,,2,,Secondary,,28286,22864,18611,81.4,,21174,1035,152,22361,22364,404,96,22206,806,244,
E92000001,England,NORTH WEST,E12000002,,3,,Secondary,,86974,74127,64900,87.6,,64148,5506,1529,71183,71406,2633,88,69572,4920,453,
E92000001,England,YORKSHIRE AND THE HUMBER,E12000003,,4,,Secondary,,63652,55716,37159,66.7,,48767,3649,1029,53445,53804,1875,37,53046,3170,537,
E92000001,England,EAST MIDLANDS,E12000004,,5,,Secondary,,53145,45114,42469,94.1,,41035,2566,551,44152,44195,782,137,42266,2967,256,
E92000001,England,WEST MIDLANDS,E12000005,,6,,Secondary,,65220,57511,48032,83.5,,46886,5097,1881,53864,55202,2188,121,52023,5551,184,
E92000001,England,EAST OF ENGLAND,E12000006,,7,,Secondary,,68299,59525,52598,88.4,,51664,4041,1274,56979,57668,1396,461,56462,2860,258,
E92000001,England,INNER LONDON,E12000007,,11,,Secondary,,29721,27940,22229,79.6,,18398,4254,2043,24695,26181,1246,513,22064,5363,0,
E92000001,England,OUTER LONDON,E12000007,,12,,Secondary,,58123,55440,50743,91.5,,39092,7597,3158,49847,52557,2739,144,44591,10822,117,
E92000001,England,SOUTH EAST,E12000008,,9,,Secondary,,97099,87076,80628,92.6,,74135,6795,2195,83125,83863,2874,339,81629,5222,114,
E92000001,England,SOUTH WEST,E12000009,,10,,Secondary,,57409,48001,42568,88.7,,44009,2380,550,46939,46975,831,195,44597,3540,331,
E92000001,England,INNER LONDON,E12000007,E09000001,201,City of London,Secondary,7,0,21,20,95.2,6,13,3,2,18,19,2,0,0,21,0,
E92000001,England,INNER LONDON,E12000007,E09000007,202,Camden,Secondary,7,1709,1509,1457,96.6,6,1077,206,96,1379,1420,89,0,1092,417,0,
E92000001,England,OUTER LONDON,E12000007,E09000011,203,Greenwich,Secondary,7,2383,2793,2510,89.9,6,1870,389,160,2419,2576,217,0,1910,883,0,
E92000001,England,INNER LONDON,E12000007,E09000012,204,Hackney,Secondary,7,2331,2409,2107,87.5,6,1567,357,183,2107,2240,0,169,1943,297,0,
E92000001,England,INNER LONDON,E12000007,E09000013,205,Hammersmith and Fulham,Secondary,7,1536,1247,1159,92.9,6,690,181,115,986,1097,150,0,919,328,0,
E92000001,England,INNER LONDON,E12000007,E09000019,206,Islington,Secondary,7,1635,1282,1282,100.0,6,904,208,82,1194,1245,37,0,963,319,0,
E92000001,England,INNER LONDON,E12000007,E09000020,207,Kensington and Chelsea,Secondary,7,934,724,673,93.0,6,473,101,48,622,652,70,2,508,214,0,
E92000001,England,INNER LONDON,E12000007,E09000022,208,Lambeth,Secondary,7,2523,2523,2375,94.1,6,1559,386,236,2181,2354,169,0,1771,752,0,
E92000001,England,INNER LONDON,E12000007,E09000023,209,Lewisham,Secondary,7,2532,2916,2848,97.7,6,1792,468,237,2497,2706,0,210,1932,774,0,
E92000001,England,INNER LONDON,E12000007,E09000028,210,Southwark,Secondary,7,2876,2598,2551,98.2,6,1549,460,240,2249,2420,173,5,2050,543,0,
E92000001,England,INNER LONDON,E12000007,E09000030,211,Tower Hamlets,Secondary,7,3124,2930,1191,40.6,6,2174,409,158,2741,2803,0,127,2650,153,0,
E92000001,England,INNER LONDON,E12000007,E09000032,212,Wandsworth,Secondary,7,2131,2077,1681,80.9,6,1201,369,197,1767,1937,140,0,1509,568,0,
E92000001,England,INNER LONDON,E12000007,E09000033,213,Westminster,Secondary,7,1668,1160,1035,89.2,6,661,197,106,964,1050,110,0,907,253,0,
E92000001,England,OUTER LONDON,E12000007,E09000002,301,Barking and Dagenham,Secondary,7,2619,2706,2637,97.5,6,1965,350,147,2462,2564,142,0,2275,431,0,
E92000001,England,OUTER LONDON,E12000007,E09000003,302,Barnet,Secondary,7,4170,3532,3456,97.8,6,2413,490,220,3123,3272,260,0,2839,693,0,
E92000001,England,OUTER LONDON,E12000007,E09000004,303,Bexley,Secondary,7,3368,2660,2279,85.7,6,2063,361,99,2523,2603,57,0,2172,488,0,
E92000001,England,OUTER LONDON,E12000007,E09000005,304,Brent,Secondary,7,3235,3330,3085,92.6,6,2141,481,214,2836,3044,286,0,2412,918,0,
E92000001,England,OUTER LONDON,E12000007,E09000006,305,Bromley,Secondary,7,3790,3463,3291,95.0,6,2540,444,175,3159,3323,135,5,2902,556,0,
E92000001,England,OUTER LONDON,E12000007,E09000008,306,Croydon,Secondary,7,4160,4101,4083,99.6,6,2721,641,270,3632,3868,233,0,3086,1015,0,
E92000001,England,OUTER LONDON,E12000007,E09000009,307,Ealing,Secondary,7,3210,3592,3178,88.5,6,2371,473,226,3070,3319,251,22,2701,869,0,
E92000001,England,OUTER LONDON,E12000007,E09000010,308,Enfield,Secondary,7,4078,4052,3412,84.2,6,3017,513,186,3716,3908,142,2,3427,623,0,
E92000001,England,INNER LONDON,E12000007,E09000014,309,Haringey,Secondary,7,2441,2531,2139,84.5,6,1732,338,154,2224,2366,165,0,2017,514,0,
E92000001,England,OUTER LONDON,E12000007,E09000015,310,Harrow,Secondary,7,2390,2555,2537,99.3,6,1727,374,168,2269,2388,167,0,1908,647,0,
E92000001,England,OUTER LONDON,E12000007,E09000016,311,Havering,Secondary,7,3248,2767,2753,99.5,6,2126,315,117,2558,2660,107,0,2589,178,0,
E92000001,England,OUTER LONDON,E12000007,E09000017,312,Hillingdon,Secondary,7,3534,3061,3055,99.8,6,2347,402,175,2924,3034,15,12,2570,479,0,
E92000001,England,OUTER LONDON,E12000007,E09000018,313,Hounslow,Secondary,7,2860,2782,1683,60.5,6,1869,403,162,2434,2620,162,0,2182,600,0,
E92000001,England,OUTER LONDON,E12000007,E09000021,314,Kingston upon Thames,Secondary,7,1884,1642,1553,94.6,6,1180,282,103,1565,1606,36,0,1320,322,0,
E92000001,England,OUTER LONDON,E12000007,E09000024,315,Merton,Secondary,7,1700,1982,1628,82.1,6,1244,339,168,1751,1869,113,0,1229,753,0,
E92000001,England,INNER LONDON,E12000007,E09000025,316,Newham,Secondary,7,4281,4013,1711,42.6,6,3006,571,189,3766,3872,141,0,3803,210,0,
E92000001,England,OUTER LONDON,E12000007,E09000026,317,Redbridge,Secondary,7,3914,3576,3525,98.6,6,2444,479,225,3148,3382,192,2,3278,413,117,
E92000001,England,OUTER LONDON,E12000007,E09000027,318,Richmond upon Thames,Secondary,7,1690,1726,1635,94.7,6,1164,205,119,1488,1584,142,0,1458,268,0,
E92000001,England,OUTER LONDON,E12000007,E09000029,319,Sutton,Secondary,7,2970,2254,2169,96.2,6,1678,314,102,2094,2184,0,70,1874,310,0,
E92000001,England,OUTER LONDON,E12000007,E09000031,320,Waltham Forest,Secondary,7,2920,2866,2274,79.3,6,2212,342,122,2676,2753,82,31,2459,376,0,
E92000001,England,WEST MIDLANDS,E12000005,E08000025,330,Birmingham,Secondary,7,13860,13992,11441,81.8,6,9563,1820,851,12234,13133,847,12,12401,1579,0,
E92000001,England,WEST MIDLANDS,E12000005,E08000026,331,Coventry,Secondary,7,4180,3633,2666,73.4,3,3074,296,103,3473,3474,159,0,3487,146,0,
E92000001,England,WEST MIDLANDS,E12000005,E08000027,332,Dudley,Secondary,7,3846,3232,2944,91.1,6,2726,293,71,3090,3117,113,2,2987,302,59,
E92000001,England,WEST MIDLANDS,E12000005,E08000028,333,Sandwell,Secondary,7,3971,3768,3635,96.5,6,2826,398,177,3401,3529,234,5,3222,547,6,
E92000001,England,WEST MIDLANDS,E12000005,E08000029,334,Solihull,Secondary,7,3272,2371,2297,96.9,5,1934,230,89,2253,2303,66,2,2114,255,0,
E92000001,England,WEST MIDLANDS,E12000005,E08000030,335,Walsall,Secondary,7,3689,2915,2862,98.2,5,2261,341,112,2714,2783,116,16,2457,443,1,
E92000001,England,WEST MIDLANDS,E12000005,E08000031,336,Wolverhampton,Secondary,7,3070,2637,1334,50.6,5,2179,234,88,2501,2551,86,0,2320,317,0,
E92000001,England,NORTH WEST,E12000002,E08000011,340,Knowsley,Secondary,7,1415,1598,702,43.9,3,1349,160,41,1550,1550,48,0,961,686,49,
E92000001,England,NORTH WEST,E12000002,E08000012,341,Liverpool,Secondary,7,5161,4155,3719,89.5,3,3260,524,177,3961,3962,192,1,3953,201,0,
E92000001,England,NORTH WEST,E12000002,E08000013,342,St. Helens,Secondary,7,2012,1900,1525,80.3,3,1817,58,8,1883,1883,17,0,1669,233,2,
E92000001,England,NORTH WEST,E12000002,E08000014,343,Sefton,Secondary,7,3550,2679,2231,83.3,3,2471,128,17,2616,2616,61,2,2610,70,3,
E92000001,England,NORTH WEST,E12000002,E08000015,344,Wirral,Secondary,7,4236,3248,2845,87.6,3,2800,295,59,3154,3154,94,0,3232,98,82,
E92000001,England,NORTH WEST,E12000002,E08000001,350,Bolton,Secondary,7,3739,3258,2705,83.0,3,2789,270,65,3124,3124,133,1,3133,124,0,
E92000001,England,NORTH WEST,E12000002,E08000002,351,Bury,Secondary,7,2304,2064,1674,81.1,3,1843,129,30,2002,2002,48,14,1868,198,16,
E92000001,England,NORTH WEST,E12000002,E08000003,352,Manchester,Secondary,7,5373,5423,4476,82.5,6,4058,601,265,4924,4989,434,0,4753,670,0,
E92000001,England,NORTH WEST,E12000002,E08000004,353,Oldham,Secondary,7,3429,2863,2852,99.6,6,2348,251,86,2685,2708,147,8,2749,145,39,
E92000001,England,NORTH WEST,E12000002,E08000005,354,Rochdale,Secondary,7,2679,2567,2234,87.0,4,2333,152,24,2509,2512,54,1,2348,218,0,
E92000001,England,NORTH WEST,E12000002,E08000006,355,Salford,Secondary,7,2450,2293,1764,76.9,4,1880,177,43,2100,2111,181,1,2080,212,0,
E92000001,England,NORTH WEST,E12000002,E08000007,356,Stockport,Secondary,7,3189,2951,2929,99.3,6,2478,250,68,2796,2817,131,3,2730,231,13,
E92000001,England,NORTH WEST,E12000002,E08000008,357,Tameside,Secondary,7,2886,2472,2449,99.1,6,2146,202,45,2393,2403,68,1,2312,159,0,
E92000001,England,NORTH WEST,E12000002,E08000009,358,Trafford,Secondary,7,3343,2777,2346,84.5,6,2113,360,127,2600,2689,88,0,2635,174,32,
E92000001,England,NORTH WEST,E12000002,E08000010,359,Wigan,Secondary,7,3741,3283,2988,91.0,3,3032,174,22,3228,3228,55,0,3281,193,191,
E92000001,England,YORKSHIRE AND THE HUMBER,E12000003,E08000016,370,Barnsley,Secondary,7,2490,2178,1776,81.5,3,1970,141,12,2123,2123,53,2,1974,202,0,
E92000001,England,YORKSHIRE AND THE HUMBER,E12000003,E08000017,371,Doncaster,Secondary,7,3733,3027,2563,84.7,3,2853,119,15,2987,2987,38,2,2942,83,0,
E92000001,England,YORKSHIRE AND THE HUMBER,E12000003,E08000018,372,Rotherham,Secondary,7,3657,2769,427,15.4,3,2634,92,11,2737,2737,32,0,2755,14,0,
E92000001,England,YORKSHIRE AND THE HUMBER,E12000003,E08000019,373,Sheffield,Secondary,7,5534,5886,3514,59.7,3,5098,377,83,5558,5558,328,0,5641,246,1,
E92000001,England,YORKSHIRE AND THE HUMBER,E12000003,E08000032,380,Bradford,Secondary,7,7139,7127,5047,70.8,5,5361,763,339,6463,6732,386,9,6402,716,0,
E92000001,England,YORKSHIRE AND THE HUMBER,E12000003,E08000033,381,Calderdale,Secondary,7,2814,2346,2337,99.6,5,1962,192,86,2240,2264,74,8,2302,71,35,
E92000001,England,YORKSHIRE AND THE HUMBER,E12000003,E08000034,382,Kirklees,Secondary,7,4713,4645,1816,39.1,3,3819,454,141,4414,4415,220,10,4319,363,47,
E92000001,England,YORKSHIRE AND THE HUMBER,E12000003,E08000035,383,Leeds,Secondary,7,8693,7800,6100,78.2,5,6529,702,180,7411,7469,331,0,7386,414,0,
E92000001,England,YORKSHIRE AND THE HUMBER,E12000003,E08000036,384,Wakefield,Secondary,7,4179,3327,1830,55.0,3,3200,68,10,3278,3278,49,0,3304,42,19,
E92000001,England,NORTH EAST,E12000001,E08000020,390,Gateshead,Secondary,7,2234,1700,1280,75.3,3,1555,120,4,1679,1679,21,0,1676,45,21,
E92000001,England,NORTH EAST,E12000001,E08000021,391,Newcastle upon Tyne,Secondary,7,2334,1957,1638,83.7,4,1739,150,19,1908,1910,47,0,1915,42,0,
E92000001,England,NORTH EAST,E12000001,E08000022,392,North Tyneside,Secondary,7,1859,1328,1131,85.2,3,1275,27,1,1303,1304,14,10,1292,75,49,
E92000001,England,NORTH EAST,E12000001,E08000023,393,South Tyneside,Secondary,7,1862,1338,1207,90.2,3,1215,62,13,1290,1290,35,13,1388,8,71,
E92000001,England,NORTH EAST,E12000001,E08000024,394,Sunderland,Secondary,7,3170,2508,2251,89.8,3,2390,78,6,2474,2474,0,34,2374,100,0,
E92000001,England,SOUTH WEST,E12000009,E06000022,800,Bath and North East Somerset,Secondary,7,2508,1583,1470,92.9,3,1503,49,5,1557,1557,24,2,1564,17,0,
E92000001,England,SOUTH WEST,E12000009,E06000023,801,"Bristol, City of",Secondary,7,3955,3838,3568,93.0,3,2893,464,195,3552,3552,286,0,3298,540,0,
E92000001,England,SOUTH WEST,E12000009,E06000024,802,North Somerset,Secondary,7,2475,2133,2009,94.2,3,1977,120,14,2111,2111,18,4,2067,62,0,
E92000001,England,SOUTH WEST,E12000009,E06000025,803,South Gloucestershire,Secondary,7,3160,2675,2509,93.8,3,2377,209,45,2631,2631,44,0,2249,426,0,
E92000001,England,NORTH EAST,E12000001,E06000001,805,Hartlepool,Secondary,7,1180,1021,810,79.3,3,948,58,8,1014,1014,7,0,1027,3,9,
E92000001,England,NORTH EAST,E12000001,E06000002,806,Middlesbrough,Secondary,7,1624,1708,768,45.0,3,1326,220,54,1600,1600,102,6,1482,232,12,
E92000001,England,NORTH EAST,E12000001,E06000003,807,Redcar and Cleveland,Secondary,7,1928,1423,1180,82.9,3,1355,42,1,1398,1398,24,1,1395,40,13,
E92000001,England,NORTH EAST,E12000001,E06000004,808,Stockton-on-Tees,Secondary,7,2373,1975,1614,81.7,3,1873,79,10,1962,1962,10,3,1960,45,33,
E92000001,England,YORKSHIRE AND THE HUMBER,E12000003,E06000010,810,"Kingston Upon Hull, City of",Secondary,7,2750,2816,640,22.7,3,2255,302,93,2650,2652,161,3,2614,293,94,
E92000001,England,YORKSHIRE AND THE HUMBER,E12000003,E06000011,811,East Riding of Yorkshire,Secondary,7,4247,3179,2447,77.0,3,3087,75,7,3169,3169,10,0,2931,248,0,
E92000001,England,YORKSHIRE AND THE HUMBER,E12000003,E06000012,812,North East Lincolnshire,Secondary,7,1983,1649,597,36.2,3,1584,55,2,1641,1641,8,0,1544,105,0,
E92000001,England,YORKSHIRE AND THE HUMBER,E12000003,E06000013,813,North Lincolnshire,Secondary,7,2189,1776,1297,73.0,3,1632,77,10,1719,1719,57,0,1702,74,0,
E92000001,England,YORKSHIRE AND THE HUMBER,E12000003,E10000023,815,North Yorkshire,Secondary,7,7649,5432,5181,95.4,5,5157,161,15,5333,5336,94,2,5535,231,336,
E92000001,England,YORKSHIRE AND THE HUMBER,E12000003,E06000014,816,York,Secondary,7,1882,1759,1587,90.2,5,1626,71,25,1722,1724,34,1,1695,68,5,
E92000001,England,EAST OF ENGLAND,E12000006,E06000032,821,Luton,Secondary,7,2860,2774,2177,78.5,3,2341,230,81,2652,2652,121,1,2648,125,0,
E92000001,England,EAST OF ENGLAND,E12000006,E06000055,822,Bedford,Secondary,9,1650,1314,991,75.4,4,1245,50,5,1300,1301,10,3,1255,56,0,
E92000001,England,EAST OF ENGLAND,E12000006,E06000056,823,Central Bedfordshire,Secondary,9,2723,2128,1809,85.0,3,2122,2,0,2124,2124,2,2,2003,123,0,
E92000001,England,SOUTH EAST,E12000008,E10000002,825,Buckinghamshire,Secondary,7,6119,5732,5365,93.6,6,4277,687,301,5265,5450,249,33,5211,488,0,
E92000001,England,SOUTH EAST,E12000008,E06000042,826,Milton Keynes,Secondary,7,3205,3169,2881,90.9,3,2753,183,119,3055,3055,113,1,2973,195,0,
E92000001,England,EAST MIDLANDS,E12000004,E10000007,830,Derbyshire,Secondary,7,9046,7341,7321,99.7,3,7036,195,52,7283,7283,58,0,6781,560,0,
E92000001,England,EAST MIDLANDS,E12000004,E06000015,831,Derby,Secondary,7,3194,2717,1886,69.4,4,2363,218,70,2651,2664,52,1,2713,170,167,
E92000001,England,SOUTH WEST,E12000009,E10000009,835,Dorset,Secondary,7,3373,2718,2344,86.2,3,2533,96,10,2639,2639,30,49,2426,243,0,
E92000001,England,SOUTH WEST,E12000009,E06000029,836,Poole,Secondary,7,1333,1208,969,80.2,3,1040,98,22,1160,1160,43,5,1016,187,0,
E92000001,England,SOUTH WEST,E12000009,E06000028,837,Bournemouth,Secondary,7,1993,1409,1123,79.7,3,1207,129,21,1357,1360,4,45,1268,96,0,
E92000001,England,NORTH EAST,E12000001,E06000047,840,Durham,Secondary,7,5891,4976,4293,86.3,3,4756,117,17,4890,4890,76,10,4777,189,0,
E92000001,England,NORTH EAST,E12000001,E06000005,841,Darlington,Secondary,7,1227,1129,893,79.1,3,968,73,19,1060,1060,67,2,1149,14,36,
E92000001,England,SOUTH EAST,E12000008,E10000011,845,East Sussex,Secondary,7,5603,4569,4224,92.4,3,4223,184,46,4453,4453,26,90,4281,229,31,
E92000001,England,SOUTH EAST,E12000008,E06000043,846,Brighton and Hove,Secondary,7,2525,2285,2143,93.8,3,1873,243,72,2188,2188,97,0,2252,33,0,
E92000001,England,SOUTH EAST,E12000008,E10000014,850,Hampshire,Secondary,7,15122,12945,12457,96.2,3,12024,610,101,12735,12735,195,15,12099,832,1,
E92000001,England,SOUTH EAST,E12000008,E06000044,851,Portsmouth,Secondary,7,2010,1825,1577,86.4,3,1579,107,33,1719,1719,106,0,1686,139,0,
E92000001,England,SOUTH EAST,E12000008,E06000045,852,Southampton,Secondary,7,2350,2060,1997,96.9,3,1824,147,33,2004,2004,56,0,1954,185,79,
E92000001,England,EAST MIDLANDS,E12000004,E10000018,855,Leicestershire,Secondary,7,7200,6040,5886,97.5,3,5696,189,26,5911,5911,0,129,5580,331,0,
E92000001,England,EAST MIDLANDS,E12000004,E06000016,856,Leicester,Secondary,7,3691,3808,3054,80.2,3,3348,292,45,3685,3685,123,0,3421,476,89,
E92000001,England,EAST MIDLANDS,E12000004,E06000017,857,Rutland,Secondary,7,540,330,290,87.9,3,303,17,2,322,322,8,0,304,26,0,
E92000001,England,WEST MIDLANDS,E12000005,E10000028,860,Staffordshire,Secondary,7,8593,7468,6857,91.8,3,7020,273,50,7343,7351,116,1,6831,678,42,
E92000001,England,WEST MIDLANDS,E12000005,E06000021,861,Stoke-on-Trent,Secondary,7,2879,2791,1891,67.8,3,2494,190,32,2716,2716,74,1,2405,426,41,
E92000001,England,SOUTH WEST,E12000009,E06000054,865,Wiltshire,Secondary,7,5695,4637,2997,64.6,3,4402,155,22,4579,4579,58,0,4297,340,0,
E92000001,England,SOUTH WEST,E12000009,E06000030,866,Swindon,Secondary,7,2372,2238,1943,86.8,3,2139,68,13,2220,2220,18,0,1995,305,62,
E92000001,England,SOUTH EAST,E12000008,E06000036,867,Bracknell Forest,Secondary,7,1327,1246,1116,89.6,3,966,128,55,1149,1149,96,1,1122,123,0,
E92000001,England,SOUTH EAST,E12000008,E06000040,868,Windsor and Maidenhead,Secondary,7,1224,1139,1012,88.8,6,884,85,26,995,1016,57,66,900,173,0,
E92000001,England,SOUTH EAST,E12000008,E06000037,869,West Berkshire,Secondary,7,2069,1683,1474,87.6,3,1548,59,17,1624,1624,59,0,1602,82,1,
E92000001,England,SOUTH EAST,E12000008,E06000038,870,Reading,Secondary,7,1360,1587,834,52.6,4,1242,234,51,1527,1537,47,3,1064,520,0,
E92000001,England,SOUTH EAST,E12000008,E06000039,871,Slough,Secondary,7,2128,1894,1722,90.9,6,1366,258,106,1730,1812,82,0,1588,306,0,
E92000001,England,SOUTH EAST,E12000008,E06000041,872,Wokingham,Secondary,7,2079,1851,1404,75.9,4,1558,181,47,1786,1801,34,16,1543,292,0,
E92000001,England,EAST OF ENGLAND,E12000006,E10000003,873,Cambridgeshire,Secondary,7,6487,5665,5328,94.1,3,5214,260,42,5516,5516,145,4,5352,309,0,
E92000001,England,EAST OF ENGLAND,E12000006,E06000031,874,Peterborough,Secondary,7,2694,2177,1849,84.9,3,1870,215,56,2141,2141,29,7,2312,80,222,
E92000001,England,NORTH WEST,E12000002,E06000006,876,Halton,Secondary,7,1669,1420,644,45.4,3,1335,63,2,1400,1400,19,1,1362,57,0,
E92000001,England,NORTH WEST,E12000002,E06000007,877,Warrington,Secondary,7,2597,2323,2215,95.4,3,2136,140,22,2298,2298,22,3,2252,88,20,
E92000001,England,SOUTH WEST,E12000009,E10000008,878,Devon,Secondary,7,8145,6780,6366,93.9,3,6510,155,31,6696,6696,50,34,6447,488,189,
E92000001,England,SOUTH WEST,E12000009,E06000026,879,Plymouth,Secondary,7,2960,2419,2244,92.8,3,2303,83,26,2412,2412,7,0,2260,159,0,
E92000001,England,SOUTH WEST,E12000009,E06000027,880,Torbay,Secondary,7,1605,1211,1027,84.8,3,1063,114,18,1195,1195,16,0,1151,60,0,
E92000001,England,EAST OF ENGLAND,E12000006,E10000012,881,Essex,Secondary,7,15843,14707,13849,94.2,6,12604,1079,342,14025,14315,389,3,13716,1000,12,
E92000001,England,EAST OF ENGLAND,E12000006,E06000033,882,Southend-on-Sea,Secondary,7,2249,1831,1585,86.6,5,1462,179,62,1703,1741,90,0,1614,217,0,
E92000001,England,EAST OF ENGLAND,E12000006,E06000034,883,Thurrock,Secondary,7,1921,2067,1778,86.0,6,1557,213,82,1852,1915,121,31,1777,259,0,
E92000001,England,WEST MIDLANDS,E12000005,E06000019,884,Herefordshire,Secondary,7,1926,1446,1100,76.1,3,1379,39,3,1421,1421,0,25,1374,47,0,
E92000001,England,WEST MIDLANDS,E12000005,E10000034,885,Worcestershire,Secondary,7,3605,3198,3089,96.6,3,2874,163,44,3081,3081,113,4,2879,315,0,
E92000001,England,SOUTH EAST,E12000008,E10000016,886,Kent,Secondary,7,17688,15894,15030,94.6,4,12796,1612,611,15019,15253,641,0,15342,552,0,
E92000001,England,SOUTH EAST,E12000008,E06000035,887,Medway,Secondary,7,3350,3093,2724,88.1,6,2498,298,90,2886,2926,167,0,2968,125,0,
E92000001,England,NORTH WEST,E12000002,E10000017,888,Lancashire,Secondary,7,15000,12044,11281,93.7,3,10586,755,238,11579,11579,417,48,11609,387,0,
E92000001,England,NORTH WEST,E12000002,E06000008,889,Blackburn with Darwen,Secondary,7,2141,1785,1449,81.2,3,1411,214,68,1693,1693,92,0,1648,137,0,
E92000001,England,NORTH WEST,E12000002,E06000009,890,Blackpool,Secondary,7,1379,1463,1225,83.7,3,1161,143,42,1346,1346,116,1,1212,250,0,
E92000001,England,EAST MIDLANDS,E12000004,E10000024,891,Nottinghamshire,Secondary,7,9407,7859,7859,100.0,4,7399,255,61,7715,7731,128,0,7378,481,0,
E92000001,England,EAST MIDLANDS,E12000004,E06000018,892,Nottingham,Secondary,7,3021,2919,2573,88.1,4,2465,261,60,2786,2800,119,0,2491,428,0,
E92000001,England,WEST MIDLANDS,E12000005,E06000051,893,Shropshire,Secondary,7,3297,2620,2550,97.3,3,2494,88,11,2593,2593,27,0,2463,157,0,
E92000001,England,WEST MIDLANDS,E12000005,E06000020,894,Telford and Wrekin,Secondary,7,2403,1987,725,36.5,4,1678,186,65,1929,1941,0,46,1803,138,0,
E92000001,England,NORTH WEST,E12000002,E06000049,895,Cheshire East,Secondary,7,4253,3679,3440,93.5,3,3494,94,17,3605,3605,73,1,3486,198,6,
E92000001,England,NORTH WEST,E12000002,E06000050,896,Cheshire West and Chester,Secondary,7,4072,3252,3116,95.8,3,2999,166,29,3194,3194,56,2,3067,183,0,
E92000001,England,SOUTH WEST,E12000009,E06000052,908,Cornwall,Secondary,7,6205,4861,4592,94.5,3,4732,73,8,4813,4813,46,2,4748,111,0,
E92000001,England,NORTH WEST,E12000002,E10000006,909,Cumbria,Secondary,7,6356,4630,4091,88.4,3,4309,200,34,4543,4543,87,0,4622,8,0,
E92000001,England,SOUTH WEST,E12000009,E10000013,916,Gloucestershire,Secondary,7,6993,6060,5575,92.0,5,5275,479,102,5856,5889,155,16,5944,180,80,
E92000001,England,EAST OF ENGLAND,E12000006,E10000015,919,Hertfordshire,Secondary,7,14255,12501,12322,98.6,4,9721,1373,516,11610,11907,203,391,11708,422,20,
E92000001,England,SOUTH EAST,E12000008,E06000046,921,Isle of Wight,Secondary,7,1651,1103,948,85.9,3,999,78,8,1085,1085,18,0,1101,2,0,
E92000001,England,EAST MIDLANDS,E12000004,E10000019,925,Lincolnshire,Secondary,7,8703,7102,6859,96.6,3,6588,391,37,7016,7016,86,0,6824,278,0,
E92000001,England,EAST OF ENGLAND,E12000006,E10000020,926,Norfolk,Secondary,7,9632,7923,6236,78.7,3,7552,226,30,7808,7808,100,15,7787,125,4,
E92000001,England,EAST MIDLANDS,E12000004,E10000021,928,Northamptonshire,Secondary,7,8343,6998,6741,96.3,3,5837,748,198,6783,6783,208,7,6774,217,0,
E92000001,England,NORTH EAST,E12000001,E06000048,929,Northumberland,Secondary,9,2604,1801,1546,85.8,3,1774,9,0,1783,1783,1,17,1771,13,0,
E92000001,England,SOUTH EAST,E12000008,E10000025,931,Oxfordshire,Secondary,7,7042,6230,5711,91.7,3,5664,346,81,6091,6091,139,0,6032,198,0,
E92000001,England,SOUTH WEST,E12000009,E10000027,933,Somerset,Secondary,7,4637,4231,3832,90.6,3,4055,88,18,4161,4161,32,38,3867,326,0,
E92000001,England,EAST OF ENGLAND,E12000006,E10000029,935,Suffolk,Secondary,7,7985,6438,4674,72.6,3,5976,214,58,6248,6248,186,4,6290,144,0,
E92000001,England,SOUTH EAST,E12000008,E10000030,936,Surrey,Secondary,7,11239,10927,10531,96.4,6,8969,904,276,10149,10300,559,68,10255,606,2,
E92000001,England,WEST MIDLANDS,E12000005,E10000031,937,Warwickshire,Secondary,7,6629,5453,4641,85.1,6,4384,546,185,5115,5209,237,7,5280,201,35,
E92000001,England,SOUTH EAST,E12000008,E10000032,938,West Sussex,Secondary,7,9008,7844,7478,95.3,3,7092,451,122,7665,7665,133,46,7656,142,0,
E92000001,England,,,,1,,Primary,,700352,636279,540141,84.9,,558366,38799,12723,609888,614301,19140,2838,617111,16961,631,
E92000001,England,NORTH EAST,E12000001,,2,,Primary,,33227,28916,22864,79.1,,26583,1181,290,28054,28103,681,132,28540,457,213,
E92000001,England,NORTH WEST,E12000002,,3,,Primary,,95505,83886,69844,83.3,,74658,4848,1451,80957,81141,2623,122,81863,2081,180,
E92000001,England,YORKSHIRE AND THE HUMBER,E12000003,,4,,Primary,,70750,63068,39874,63.2,,57075,2978,819,60872,61136,1905,27,62221,924,104,
E92000001,England,EAST MIDLANDS,E12000004,,5,,Primary,,59977,53292,49911,93.7,,48070,2722,811,51603,51708,1241,343,51779,1211,41,
E92000001,England,WEST MIDLANDS,E12000005,,6,,Primary,,75814,69365,55103,79.4,,61805,3944,1156,66905,67013,2201,151,67008,2251,45,
E92000001,England,EAST OF ENGLAND,E12000006,,7,,Primary,,77590,71854,62748,87.3,,63064,4253,1441,68758,69226,1855,773,70071,1039,29,
E92000001,England,INNER LONDON,E12000007,,11,,Primary,,38448,35133,29057,82.7,,28108,2983,1247,32338,33460,1116,557,32279,2297,0,
E92000001,England,OUTER LONDON,E12000007,,12,,Primary,,72249,68118,61662,90.5,,56775,5300,2052,64127,65668,2259,191,64088,3840,1,
E92000001,England,SOUTH EAST,E12000008,,9,,Primary,,110874,104326,96596,92.6,,89941,7417,2502,99860,100265,3600,461,102015,1867,17,
E92000001,England,SOUTH WEST,E12000009,,10,,Primary,,65918,58321,52482,90.0,,52287,3173,954,56414,56581,1659,81,57247,994,1,
E92000001,England,INNER LONDON,E12000007,E09000001,201,City of London,Primary,R,30,32,31,96.9,6,25,5,1,31,32,0,0,10,22,0,
E92000001,England,INNER LONDON,E12000007,E09000007,202,Camden,Primary,R,1748,1827,1767,96.7,6,1381,139,73,1593,1672,100,55,1563,209,0,
E92000001,England,OUTER LONDON,E12000007,E09000011,203,Greenwich,Primary,R,3760,3680,3330,90.5,6,2954,296,126,3376,3476,204,0,3410,270,0,
E92000001,England,INNER LONDON,E12000007,E09000012,204,Hackney,Primary,R,2964,2722,2225,81.7,6,2197,235,95,2527,2598,2,122,2422,178,0,
E92000001,England,INNER LONDON,E12000007,E09000013,205,Hammersmith and Fulham,Primary,R,1678,1488,1356,91.1,6,1099,182,61,1342,1418,70,0,1406,82,0,
E92000001,England,INNER LONDON,E12000007,E09000019,206,Islington,Primary,R,2202,2077,2077,100.0,6,1587,212,84,1883,1970,0,107,1778,192,0,
E92000001,England,INNER LONDON,E12000007,E09000020,207,Kensington and Chelsea,Primary,R,1065,948,878,92.6,6,559,112,49,720,798,150,0,778,170,0,
E92000001,England,INNER LONDON,E12000007,E09000022,208,Lambeth,Primary,R,3529,2993,2903,97.0,6,2461,272,103,2836,2909,84,0,2720,273,0,
E92000001,England,INNER LONDON,E12000007,E09000023,209,Lewisham,Primary,R,3943,3970,3917,98.7,6,2984,376,161,3521,3698,0,272,3413,285,0,
E92000001,England,INNER LONDON,E12000007,E09000028,210,Southwark,Primary,R,3793,3509,3476,99.1,6,2808,304,113,3225,3353,155,1,3287,221,0,
E92000001,England,INNER LONDON,E12000007,E09000030,211,Tower Hamlets,Primary,R,3680,3285,1922,58.5,6,2797,211,105,3113,3173,112,0,3218,67,0,
E92000001,England,INNER LONDON,E12000007,E09000032,212,Wandsworth,Primary,R,3289,3091,2533,81.9,6,2394,281,153,2828,2943,148,0,2898,193,0,
E92000001,England,INNER LONDON,E12000007,E09000033,213,Westminster,Primary,R,1812,1446,1287,89.0,6,1161,128,60,1349,1390,56,0,1323,123,0,
E92000001,England,OUTER LONDON,E12000007,E09000002,301,Barking and Dagenham,Primary,R,3890,3591,3490,97.2,6,3256,173,75,3504,3526,65,0,3388,203,0,
E92000001,England,OUTER LONDON,E12000007,E09000003,302,Barnet,Primary,R,4608,4410,4300,97.5,6,3527,323,157,4007,4161,248,1,4093,317,1,
E92000001,England,OUTER LONDON,E12000007,E09000004,303,Bexley,Primary,R,3400,3219,2284,71.0,6,2745,230,90,3065,3120,99,0,3086,133,0,
E92000001,England,OUTER LONDON,E12000007,E09000005,304,Brent,Primary,R,4173,3911,3507,89.7,6,3146,372,123,3641,3714,197,0,3558,353,0,
E92000001,England,OUTER LONDON,E12000007,E09000006,305,Bromley,Primary,R,4262,3979,3791,95.3,6,3293,326,125,3744,3876,101,2,3865,112,0,
E92000001,England,OUTER LONDON,E12000007,E09000008,306,Croydon,Primary,R,5418,4901,4886,99.7,6,4029,412,176,4617,4753,147,1,4572,328,0,
E92000001,England,OUTER LONDON,E12000007,E09000009,307,Ealing,Primary,R,4800,4503,3964,88.0,6,3733,376,138,4247,4348,143,12,4259,232,0,
E92000001,England,OUTER LONDON,E12000007,E09000010,308,Enfield,Primary,R,4939,4559,3804,83.4,6,3895,315,113,4323,4420,138,1,4301,257,0,
E92000001,England,INNER LONDON,E12000007,E09000014,309,Haringey,Primary,R,3350,2936,2439,83.1,6,2474,203,73,2750,2832,104,0,2738,198,0,
E92000001,England,OUTER LONDON,E12000007,E09000015,310,Harrow,Primary,R,3330,3126,3013,96.4,6,2508,306,104,2918,3000,126,0,2937,189,0,
E92000001,England,OUTER LONDON,E12000007,E09000016,311,Havering,Primary,R,3350,3076,3073,99.9,6,2662,208,66,2936,2969,105,2,2972,102,0,
E92000001,England,OUTER LONDON,E12000007,E09000017,312,Hillingdon,Primary,R,4521,4119,3797,92.2,6,3616,299,135,4050,4113,0,6,3908,205,0,
E92000001,England,OUTER LONDON,E12000007,E09000018,313,Hounslow,Primary,R,3494,3568,2276,63.8,6,2802,386,151,3339,3461,107,0,3281,287,0,
E92000001,England,OUTER LONDON,E12000007,E09000021,314,Kingston upon Thames,Primary,R,2007,2022,1888,93.4,6,1658,155,51,1864,1918,78,26,1903,93,0,
E92000001,England,OUTER LONDON,E12000007,E09000024,315,Merton,Primary,R,2790,2755,2480,90.0,6,2242,193,84,2519,2597,158,0,2543,212,0,
E92000001,England,INNER LONDON,E12000007,E09000025,316,Newham,Primary,R,5365,4809,2246,46.7,6,4181,323,116,4620,4674,135,0,4725,84,0,
E92000001,England,OUTER LONDON,E12000007,E09000026,317,Redbridge,Primary,R,4346,3928,3844,97.9,6,3365,275,89,3729,3801,106,21,3764,143,0,
E92000001,England,OUTER LONDON,E12000007,E09000027,318,Richmond upon Thames,Primary,R,2572,2471,2359,95.5,6,2005,167,65,2237,2298,59,114,2315,42,0,
E92000001,England,OUTER LONDON,E12000007,E09000029,319,Sutton,Primary,R,2599,2680,2566,95.7,6,2251,207,73,2531,2593,82,5,2429,246,0,
E92000001,England,OUTER LONDON,E12000007,E09000031,320,Waltham Forest,Primary,R,3990,3620,3010,83.1,6,3088,281,111,3480,3524,96,0,3504,116,0,
E92000001,England,WEST MIDLANDS,E12000005,E08000025,330,Birmingham,Primary,R,16268,15414,11860,76.9,3,13108,1095,432,14635,14635,742,37,14851,526,0,
E92000001,England,WEST MIDLANDS,E12000005,E08000026,331,Coventry,Primary,R,4840,4459,2725,61.1,3,4017,288,69,4374,4374,85,0,4375,85,1,
E92000001,England,WEST MIDLANDS,E12000005,E08000027,332,Dudley,Primary,R,4074,3748,3301,88.1,5,3355,211,67,3633,3655,93,0,3608,147,7,
E92000001,England,WEST MIDLANDS,E12000005,E08000028,333,Sandwell,Primary,R,5008,4313,4144,96.1,6,3915,199,63,4177,4194,119,0,4069,244,0,
E92000001,England,WEST MIDLANDS,E12000005,E08000029,334,Solihull,Primary,R,2843,2566,2467,96.1,4,2243,156,47,2446,2467,98,1,2488,77,0,
E92000001,England,WEST MIDLANDS,E12000005,E08000030,335,Walsall,Primary,R,3780,3485,3444,98.8,3,3124,185,37,3346,3346,73,66,3275,144,0,
E92000001,England,WEST MIDLANDS,E12000005,E08000031,336,Wolverhampton,Primary,R,3590,3333,1394,41.8,5,2963,215,46,3224,3235,98,0,3183,150,0,
E92000001,England,NORTH WEST,E12000002,E08000011,340,Knowsley,Primary,R,1990,1770,705,39.8,3,1589,79,31,1699,1699,71,0,1558,212,0,
E92000001,England,NORTH WEST,E12000002,E08000012,341,Liverpool,Primary,R,5808,5067,4403,86.9,3,4462,308,113,4883,4884,183,0,4867,200,0,
E92000001,England,NORTH WEST,E12000002,E08000013,342,St. Helens,Primary,R,2260,2021,1540,76.2,3,1830,101,28,1959,1959,62,0,1972,49,0,
E92000001,England,NORTH WEST,E12000002,E08000014,343,Sefton,Primary,R,3185,2928,2389,81.6,3,2620,174,36,2830,2830,92,6,2862,60,0,
E92000001,England,NORTH WEST,E12000002,E08000015,344,Wirral,Primary,R,3960,3752,3216,85.7,3,3344,211,65,3620,3620,132,0,3744,8,0,
E92000001,England,NORTH WEST,E12000002,E08000001,350,Bolton,Primary,R,4181,3527,2947,83.6,3,3192,213,48,3453,3453,70,4,3507,59,43,
E92000001,England,NORTH WEST,E12000002,E08000002,351,Bury,Primary,R,2306,2263,1848,81.7,3,1918,164,62,2144,2144,80,39,2142,124,42,
E92000001,England,NORTH WEST,E12000002,E08000003,352,Manchester,Primary,R,7395,7052,4971,70.5,6,6167,440,142,6749,6793,259,0,6697,355,0,
E92000001,England,NORTH WEST,E12000002,E08000004,353,Oldham,Primary,R,3772,3188,3184,99.9,6,2882,145,37,3064,3069,112,7,3186,42,47,
E92000001,England,NORTH WEST,E12000002,E08000005,354,Rochdale,Primary,R,3064,2852,2254,79.0,3,2534,140,64,2738,2738,110,4,2781,67,0,
E92000001,England,NORTH WEST,E12000002,E08000006,355,Salford,Primary,R,3310,3048,2168,71.1,6,2585,171,58,2814,2840,170,38,2948,62,0,
E92000001,England,NORTH WEST,E12000002,E08000007,356,Stockport,Primary,R,5317,3348,3308,98.8,6,2934,196,81,3211,3242,104,2,3300,57,11,
E92000001,England,NORTH WEST,E12000002,E08000008,357,Tameside,Primary,R,3190,2801,2786,99.5,6,2464,171,44,2679,2704,97,0,2739,62,0,
E92000001,England,NORTH WEST,E12000002,E08000009,358,Trafford,Primary,R,3045,3017,2666,88.4,5,2628,194,63,2885,2936,81,0,2934,83,0,
E92000001,England,NORTH WEST,E12000002,E08000010,359,Wigan,Primary,R,3929,3836,2079,54.2,3,3399,244,54,3697,3697,133,6,3731,99,0,
E92000001,England,YORKSHIRE AND THE HUMBER,E12000003,E08000016,370,Barnsley,Primary,R,3029,2766,2171,78.5,3,2505,125,33,2663,2663,103,0,2700,66,0,
E92000001,England,YORKSHIRE AND THE HUMBER,E12000003,E08000017,371,Doncaster,Primary,R,4236,3474,2808,80.8,3,3272,90,27,3389,3389,85,0,3447,27,0,
E92000001,England,YORKSHIRE AND THE HUMBER,E12000003,E08000018,372,Rotherham,Primary,R,3726,3148,543,17.2,3,2961,123,19,3103,3103,45,0,3121,27,0,
E92000001,England,YORKSHIRE AND THE HUMBER,E12000003,E08000019,373,Sheffield,Primary,R,6808,6164,3731,60.5,3,5539,366,74,5979,5979,185,0,6095,69,0,
E92000001,England,YORKSHIRE AND THE HUMBER,E12000003,E08000032,380,Bradford,Primary,R,8338,8020,5611,70.0,5,6883,543,197,7623,7734,285,1,7844,175,0,
E92000001,England,YORKSHIRE AND THE HUMBER,E12000003,E08000033,381,Calderdale,Primary,R,2999,2412,1035,42.9,5,2199,139,22,2360,2372,37,3,2395,14,0,
E92000001,England,YORKSHIRE AND THE HUMBER,E12000003,E08000034,382,Kirklees,Primary,R,5856,5467,1984,36.3,3,4952,258,101,5311,5311,145,11,5411,97,52,
E92000001,England,YORKSHIRE AND THE HUMBER,E12000003,E08000035,383,Leeds,Primary,R,10224,9712,7410,76.3,5,8266,584,199,9049,9169,543,0,9654,58,0,
E92000001,England,YORKSHIRE AND THE HUMBER,E12000003,E08000036,384,Wakefield,Primary,R,4311,3875,2092,54.0,3,3576,148,31,3755,3755,119,1,3842,53,21,
E92000001,England,NORTH EAST,E12000001,E08000020,390,Gateshead,Primary,R,2441,2159,1690,78.3,3,1984,108,21,2113,2113,46,0,2162,21,24,
E92000001,England,NORTH EAST,E12000001,E08000021,391,Newcastle upon Tyne,Primary,R,3398,3169,2606,82.2,4,2677,212,81,2970,3004,164,1,3061,107,0,
E92000001,England,NORTH EAST,E12000001,E08000022,392,North Tyneside,Primary,R,2540,2331,1959,84.0,3,2128,107,29,2264,2264,63,4,2351,52,76,
E92000001,England,NORTH EAST,E12000001,E08000023,393,South Tyneside,Primary,R,1753,1552,1381,89.0,3,1397,74,22,1493,1493,58,1,1616,15,80,
E92000001,England,NORTH EAST,E12000001,E08000024,394,Sunderland,Primary,R,3380,2851,2625,92.1,3,2687,98,13,2798,2798,0,53,2767,31,0,
E92000001,England,SOUTH WEST,E12000009,E06000022,800,Bath and North East Somerset,Primary,R,2180,1866,1661,89.0,3,1712,96,22,1830,1830,36,0,1816,50,0,
E92000001,England,SOUTH WEST,E12000009,E06000023,801,"Bristol, City of",Primary,R,5867,5455,5172,94.8,3,4594,459,164,5217,5217,238,0,5266,189,0,
E92000001,England,SOUTH WEST,E12000009,E06000024,802,North Somerset,Primary,R,2570,2465,2282,92.6,3,2116,168,69,2353,2353,110,2,2437,26,0,
E92000001,England,SOUTH WEST,E12000009,E06000025,803,South Gloucestershire,Primary,R,3735,3209,3004,93.6,3,2901,174,61,3136,3136,73,0,3160,49,0,
E92000001,England,NORTH EAST,E12000001,E06000001,805,Hartlepool,Primary,R,1252,1189,592,49.8,3,1085,45,14,1144,1144,45,0,1200,3,14,
E92000001,England,NORTH EAST,E12000001,E06000002,806,Middlesbrough,Primary,R,2019,2057,877,42.6,3,1906,75,16,1997,1999,53,5,1992,65,5,
E92000001,England,NORTH EAST,E12000001,E06000003,807,Redcar and Cleveland,Primary,R,1938,1584,1330,84.0,3,1502,37,6,1545,1545,36,3,1569,26,14,
E92000001,England,NORTH EAST,E12000001,E06000004,808,Stockton-on-Tees,Primary,R,2821,2468,2072,84.0,3,2309,83,13,2405,2405,59,4,2451,13,0,
E92000001,England,YORKSHIRE AND THE HUMBER,E12000003,E06000010,810,"Kingston Upon Hull, City of",Primary,R,3580,3434,998,29.1,3,3158,165,30,3353,3354,76,4,3259,171,0,
E92000001,England,YORKSHIRE AND THE HUMBER,E12000003,E06000011,811,East Riding of Yorkshire,Primary,R,4065,3187,2437,76.5,3,3031,92,2,3125,3125,62,0,3152,35,0,
E92000001,England,YORKSHIRE AND THE HUMBER,E12000003,E06000012,812,North East Lincolnshire,Primary,R,2184,1815,509,28.0,3,1735,54,6,1795,1795,20,0,1802,13,0,
E92000001,England,YORKSHIRE AND THE HUMBER,E12000003,E06000013,813,North Lincolnshire,Primary,R,2167,1921,1365,71.1,3,1806,46,11,1863,1863,58,0,1902,19,0,
E92000001,England,YORKSHIRE AND THE HUMBER,E12000003,E10000023,815,North Yorkshire,Primary,R,7109,5693,5416,95.1,5,5365,162,41,5568,5581,112,0,5646,78,31,
E92000001,England,YORKSHIRE AND THE HUMBER,E12000003,E06000014,816,York,Primary,R,2118,1980,1764,89.1,5,1827,83,26,1936,1943,30,7,1951,22,0,
E92000001,England,EAST OF ENGLAND,E12000006,E06000032,821,Luton,Primary,R,3474,3197,2188,68.4,3,2941,170,35,3146,3146,48,3,3100,94,0,
E92000001,England,EAST OF ENGLAND,E12000006,E06000055,822,Bedford,Primary,R,2357,2079,1569,75.5,4,1909,107,25,2041,2044,31,4,2044,31,0,
E92000001,England,EAST OF ENGLAND,E12000006,E06000056,823,Central Bedfordshire,Primary,R,4023,3425,2946,86.0,3,3148,129,38,3315,3315,95,15,3297,113,0,
E92000001,England,SOUTH EAST,E12000008,E10000002,825,Buckinghamshire,Primary,R,6788,6279,5957,94.9,4,5271,461,145,5877,5966,308,5,6164,110,0,
E92000001,England,SOUTH EAST,E12000008,E06000042,826,Milton Keynes,Primary,R,4124,3977,3540,89.0,3,3504,245,100,3849,3849,128,0,3852,125,0,
E92000001,England,EAST MIDLANDS,E12000004,E10000007,830,Derbyshire,Primary,R,9690,8110,8093,99.8,3,7661,309,49,8019,8019,91,0,7946,164,0,
E92000001,England,EAST MIDLANDS,E12000004,E06000015,831,Derby,Primary,R,3559,3145,2321,73.8,3,2779,214,63,3056,3056,85,4,3110,72,41,
E92000001,England,SOUTH WEST,E12000009,E10000009,835,Dorset,Primary,R,4498,3887,3431,88.3,3,3581,178,42,3801,3801,78,8,3780,99,0,
E92000001,England,SOUTH WEST,E12000009,E06000029,836,Poole,Primary,R,1800,1636,1340,81.9,3,1408,111,43,1562,1562,73,1,1569,66,0,
E92000001,England,SOUTH WEST,E12000009,E06000028,837,Bournemouth,Primary,R,2156,2061,1685,81.8,3,1626,209,85,1920,2023,30,8,2004,49,0,
E92000001,England,NORTH EAST,E12000001,E06000047,840,Durham,Primary,R,6446,5186,4427,85.4,3,4813,204,43,5060,5060,125,1,5099,86,0,
E92000001,England,NORTH EAST,E12000001,E06000005,841,Darlington,Primary,R,1298,1286,779,60.6,5,1135,83,17,1235,1248,32,6,1257,23,0,
E92000001,England,SOUTH EAST,E12000008,E10000011,845,East Sussex,Primary,R,6020,5499,5252,95.5,3,4758,376,112,5246,5246,129,124,5321,71,17,
E92000001,England,SOUTH EAST,E12000008,E06000043,846,Brighton and Hove,Primary,R,2940,2731,2581,94.5,3,2415,165,53,2633,2633,98,0,2727,4,0,
E92000001,England,SOUTH EAST,E12000008,E10000014,850,Hampshire,Primary,R,16450,15357,14600,95.1,3,13735,942,282,14959,14959,398,0,15124,233,0,
E92000001,England,SOUTH EAST,E12000008,E06000044,851,Portsmouth,Primary,R,2475,2329,2047,87.9,6,2031,173,32,2236,2244,85,0,2281,48,0,
E92000001,England,SOUTH EAST,E12000008,E06000045,852,Southampton,Primary,R,3285,3179,3120,98.1,3,2722,242,84,3048,3048,106,25,3064,90,0,
E92000001,England,EAST MIDLANDS,E12000004,E10000018,855,Leicestershire,Primary,R,7863,7477,7048,94.3,3,6651,379,110,7140,7144,0,333,7018,126,0,
E92000001,England,EAST MIDLANDS,E12000004,E06000016,856,Leicester,Primary,R,4899,4492,3360,74.8,3,3955,280,93,4328,4328,164,0,4258,234,0,
E92000001,England,EAST MIDLANDS,E12000004,E06000017,857,Rutland,Primary,R,469,365,323,88.5,3,336,16,6,358,358,5,2,351,12,0,
E92000001,England,WEST MIDLANDS,E12000005,E10000028,860,Staffordshire,Primary,R,10286,9092,7963,87.6,3,8238,466,119,8823,8827,260,5,8908,199,20,
E92000001,England,WEST MIDLANDS,E12000005,E06000021,861,Stoke-on-Trent,Primary,R,3465,3505,2196,62.7,3,3117,172,60,3349,3349,156,0,3258,247,0,
E92000001,England,SOUTH WEST,E12000009,E06000054,865,Wiltshire,Primary,R,6092,5313,4398,82.8,3,4799,266,78,5143,5143,167,3,5202,108,0,
E92000001,England,SOUTH WEST,E12000009,E06000030,866,Swindon,Primary,R,3090,2847,2471,86.8,3,2648,106,39,2793,2793,54,0,2799,48,0,
E92000001,England,SOUTH EAST,E12000008,E06000036,867,Bracknell Forest,Primary,R,1565,1482,1363,92.0,3,1253,136,53,1442,1442,40,0,1424,58,0,
E92000001,England,SOUTH EAST,E12000008,E06000040,868,Windsor and Maidenhead,Primary,R,1778,1617,1454,89.9,6,1387,117,37,1541,1560,51,6,1561,50,0,
E92000001,England,SOUTH EAST,E12000008,E06000037,869,West Berkshire,Primary,R,2101,1989,1818,91.4,3,1772,119,39,1930,1930,59,0,1909,80,0,
E92000001,England,SOUTH EAST,E12000008,E06000038,870,Reading,Primary,R,2110,2159,1285,59.5,4,1646,227,101,1974,2029,124,6,1957,196,0,
E92000001,England,SOUTH EAST,E12000008,E06000039,871,Slough,Primary,R,2531,2464,1492,60.6,3,2113,212,60,2385,2385,79,0,2334,130,0,
E92000001,England,SOUTH EAST,E12000008,E06000041,872,Wokingham,Primary,R,2185,2058,1714,83.3,4,1740,159,51,1950,1974,71,13,2013,32,0,
E92000001,England,EAST OF ENGLAND,E12000006,E10000003,873,Cambridgeshire,Primary,R,7965,7201,6656,92.4,3,6487,381,97,6965,6965,234,2,7143,56,0,
E92000001,England,EAST OF ENGLAND,E12000006,E06000031,874,Peterborough,Primary,R,3167,2823,1633,57.8,3,2566,156,43,2765,2765,46,12,2784,29,2,
E92000001,England,NORTH WEST,E12000002,E06000006,876,Halton,Primary,R,1639,1452,850,58.5,3,1293,98,23,1414,1414,33,5,1374,88,15,
E92000001,England,NORTH WEST,E12000002,E06000007,877,Warrington,Primary,R,2735,2534,2425,95.7,3,2291,134,33,2458,2458,75,1,2520,13,0,
E92000001,England,SOUTH WEST,E12000009,E10000008,878,Devon,Primary,R,9046,6816,6189,90.8,3,6432,221,36,6689,6689,120,7,6763,46,0,
E92000001,England,SOUTH WEST,E12000009,E06000026,879,Plymouth,Primary,R,3303,3013,2685,89.1,3,2651,186,67,2904,2904,109,0,2969,44,0,
E92000001,England,SOUTH WEST,E12000009,E06000027,880,Torbay,Primary,R,1607,1326,1105,83.3,3,1142,96,35,1273,1274,49,3,1291,32,0,
E92000001,England,EAST OF ENGLAND,E12000006,E10000012,881,Essex,Primary,R,17417,16564,15619,94.3,4,14355,1047,401,15803,15995,566,3,16336,225,0,
E92000001,England,EAST OF ENGLAND,E12000006,E06000033,882,Southend-on-Sea,Primary,R,2300,2149,1795,83.5,3,1868,151,51,2070,2070,79,0,2115,34,0,
E92000001,England,EAST OF ENGLAND,E12000006,E06000034,883,Thurrock,Primary,R,2457,2358,2118,89.8,4,2026,137,39,2202,2227,123,8,2274,76,0,
E92000001,England,WEST MIDLANDS,E12000005,E06000019,884,Herefordshire,Primary,R,2140,1757,1,0.1,3,1665,60,5,1730,1730,5,22,1718,17,0,
E92000001,England,WEST MIDLANDS,E12000005,E10000034,885,Worcestershire,Primary,R,6880,6268,5838,93.1,3,5680,319,86,6085,6092,169,7,6094,167,0,
E92000001,England,SOUTH EAST,E12000008,E10000016,886,Kent,Primary,R,18848,17414,16754,96.2,3,14942,1272,477,16691,16691,723,0,17310,104,0,
E92000001,England,SOUTH EAST,E12000008,E06000035,887,Medway,Primary,R,3675,3520,3083,87.6,6,3065,256,53,3374,3394,126,0,3429,91,0,
E92000001,England,NORTH WEST,E12000002,E10000017,888,Lancashire,Primary,R,15000,13444,12736,94.7,3,11889,820,287,12996,12996,441,7,13277,160,0,
E92000001,England,NORTH WEST,E12000002,E06000008,889,Blackburn with Darwen,Primary,R,2274,2074,1525,73.5,3,1781,188,41,2010,2010,64,0,1999,75,0,
E92000001,England,NORTH WEST,E12000002,E06000009,890,Blackpool,Primary,R,1858,1584,1175,74.2,3,1425,105,19,1549,1549,35,0,1512,72,0,
E92000001,England,EAST MIDLANDS,E12000004,E10000024,891,Nottinghamshire,Primary,R,10038,9171,9171,100.0,4,8237,450,149,8836,8888,283,0,8982,189,0,
E92000001,England,EAST MIDLANDS,E12000004,E06000018,892,Nottingham,Primary,R,4075,3877,3426,88.4,6,3288,229,96,3613,3662,213,2,3671,204,0,
E92000001,England,WEST MIDLANDS,E12000005,E06000051,893,Shropshire,Primary,R,3325,2777,2740,98.7,3,2594,101,22,2717,2717,60,0,2706,71,0,
E92000001,England,WEST MIDLANDS,E12000005,E06000020,894,Telford and Wrekin,Primary,R,2392,2223,1456,65.5,3,2088,105,29,2222,2223,0,0,2197,26,0,
E92000001,England,NORTH WEST,E12000002,E06000049,895,Cheshire East,Primary,R,4470,3977,3757,94.5,3,3607,213,48,3868,3869,105,3,3910,86,22,
E92000001,England,NORTH WEST,E12000002,E06000050,896,Cheshire West and Chester,Primary,R,4305,3691,3520,95.4,3,3412,186,42,3640,3640,51,0,3647,44,0,
E92000001,England,SOUTH WEST,E12000009,E06000052,908,Cornwall,Primary,R,6491,5773,5350,92.7,3,5237,261,47,5545,5545,212,16,5736,21,0,
E92000001,England,NORTH WEST,E12000002,E10000006,909,Cumbria,Primary,R,6512,4660,3392,72.8,3,4412,153,32,4597,4597,63,0,4656,4,0,
E92000001,England,SOUTH WEST,E12000009,E10000013,916,Gloucestershire,Primary,R,7288,6807,6365,93.5,5,6045,385,112,6542,6605,196,6,6728,74,1,
E92000001,England,EAST OF ENGLAND,E12000006,E10000015,919,Hertfordshire,Primary,R,15220,15085,14916,98.9,4,12351,1159,520,14030,14278,103,704,14181,214,14,
E92000001,England,SOUTH EAST,E12000008,E06000046,921,Isle of Wight,Primary,R,1581,1229,1093,88.9,3,1193,26,1,1220,1220,9,0,1229,0,0,
E92000001,England,EAST MIDLANDS,E12000004,E10000019,925,Lincolnshire,Primary,R,9044,7802,7666,98.3,3,7239,335,86,7660,7660,142,0,7715,87,0,
E92000001,England,EAST OF ENGLAND,E12000006,E10000020,926,Norfolk,Primary,R,10339,9317,7518,80.7,3,8514,389,84,8987,8987,309,21,9219,90,13,
E92000001,England,EAST MIDLANDS,E12000004,E10000021,928,Northamptonshire,Primary,R,10340,8853,8503,96.0,3,7924,510,159,8593,8593,258,2,8728,123,0,
E92000001,England,NORTH EAST,E12000001,E06000048,929,Northumberland,Primary,R,3941,3084,2526,81.9,3,2960,55,15,3030,3030,0,54,3015,15,0,
E92000001,England,SOUTH EAST,E12000008,E10000025,931,Oxfordshire,Primary,R,8484,7987,7151,89.5,3,7031,467,166,7664,7664,319,4,7878,105,0,
E92000001,England,SOUTH WEST,E12000009,E10000027,933,Somerset,Primary,R,6195,5847,5344,91.4,3,5395,257,54,5706,5706,114,27,5727,93,0,
E92000001,England,EAST OF ENGLAND,E12000006,E10000029,935,Suffolk,Primary,R,8871,7656,5790,75.6,3,6899,427,108,7434,7434,221,1,7578,77,0,
E92000001,England,SOUTH EAST,E12000008,E10000030,936,Surrey,Primary,R,13934,13760,13208,96.0,4,11238,1095,400,12733,12923,567,270,13245,245,0,
E92000001,England,WEST MIDLANDS,E12000005,E10000031,937,Warwickshire,Primary,R,6923,6425,5574,86.8,6,5698,372,74,6144,6169,243,13,6278,151,17,
E92000001,England,SOUTH EAST,E12000008,E10000032,938,West Sussex,Primary,R,10000,9296,9084,97.7,3,8125,727,256,9108,9108,180,8,9193,95,0,
